{
    "quaternion_mse": {
        "q_w_mse": 0.25000067381523233,
        "q_x_mse": 0.25000121177098517,
        "q_y_mse": 0.25000151528633824,
        "q_z_mse": 0.2500015401008445
    },
    "euler_mse": {
        "psi_mse": 0.011804671436380318,
        "theta_mse": 0.047877117161518885,
        "phi_mse": 0.10808792329548587
    }
}