{
    "quaternion_mse": {
        "q_w_mse": 0.25000002990479736,
        "q_x_mse": 0.2500000857532733,
        "q_y_mse": 0.25000000729664795,
        "q_z_mse": 0.25000000294915226
    },
    "euler_mse": {
        "psi_mse": 0.0005235717986227313,
        "theta_mse": 0.0015013560596401443,
        "phi_mse": 0.001170692135896648
    }
}