{
    "quaternion_mse": {
        "q_w_mse": 2.215222515226058,
        "q_x_mse": 2.2199046694800018,
        "q_y_mse": 2.03802802575476,
        "q_z_mse": 2.2190339952691374
    },
    "euler_mse": {
        "psi_mse": 16.012848732430555,
        "theta_mse": 45.60438223399397,
        "phi_mse": 88.86223086714563
    }
}