{
    "quaternion_mse": {
        "q_w_mse": 0.2500219183784283,
        "q_x_mse": 0.2500225771101781,
        "q_y_mse": 0.25002376469049986,
        "q_z_mse": 0.2500253316264181
    },
    "euler_mse": {
        "psi_mse": 0.37039697137169725,
        "theta_mse": 0.37769267796128275,
        "phi_mse": 0.3900445545136711
    }
}