{
    "quaternion_mse": {
        "q_w_mse": 0.2500000143679349,
        "q_x_mse": 0.25000005606363235,
        "q_y_mse": 0.25000005185864843,
        "q_z_mse": 0.25000016257140545
    },
    "euler_mse": {
        "psi_mse": 0.0002515641916622667,
        "theta_mse": 0.0009815283230665852,
        "phi_mse": 0.001951597796979623
    }
}