{
    "quaternion_mse": {
        "q_w_mse": 0.24160847902015037,
        "q_x_mse": 0.24157265921050294,
        "q_y_mse": 0.24134577202700244,
        "q_z_mse": 0.24131060962900114
    },
    "euler_mse": {
        "psi_mse": 71.1543386245846,
        "theta_mse": 70.53761844252332,
        "phi_mse": 68.65603970430664
    }
}