{
    "quaternion_mse": {
        "q_w_mse": 0.2500519557339768,
        "q_x_mse": 0.25005245457145286,
        "q_y_mse": 0.21487920145052178,
        "q_z_mse": 0.2500544402472875
    },
    "euler_mse": {
        "psi_mse": 0.0014845611500363667,
        "theta_mse": 0.005905634452926558,
        "phi_mse": 0.013365363804739698
    }
}