{
    "quaternion_mse": {
        "q_w_mse": 0.2500000818036555,
        "q_x_mse": 0.25000051247087945,
        "q_y_mse": 0.25000135893144854,
        "q_z_mse": 0.25000255627545537
    },
    "euler_mse": {
        "psi_mse": 0.0014322455561794122,
        "theta_mse": 0.005841782782168916,
        "phi_mse": 0.01335690052877135
    }
}